Id,SalePrice
1461.0,123191.5
1462.0,157498.3
1463.0,170895.48
1464.0,179193.64
1465.0,199980.5
1466.0,173218.6
1467.0,158955.33
1468.0,160896.45
1469.0,188244.52
1470.0,126642.414
1471.0,199039.28
1472.0,96491.21
1473.0,97833.33
1474.0,158725.23
1475.0,145272.8
1476.0,384684.66
1477.0,252701.86
1478.0,305887.6
1479.0,278896.1
1480.0,488227.5
1481.0,318078.88
1482.0,213648.94
1483.0,168178.34
1484.0,171225.95
1485.0,175421.33
1486.0,189923.38
1487.0,335309.66
1488.0,237855.33
1489.0,189601.73
1490.0,211833.64
1491.0,192454.11
1492.0,97250.06
1493.0,189842.12
1494.0,295049.44
1495.0,291707.12
1496.0,227884.47
1497.0,179778.98
1498.0,160384.03
1499.0,162817.89
1500.0,145270.17
1501.0,167429.75
1502.0,162751.05
1503.0,281325.22
1504.0,229977.84
1505.0,214870.48
1506.0,186687.02
1507.0,236823.89
1508.0,187437.1
1509.0,159414.97
1510.0,145075.2
1511.0,144181.67
1512.0,178020.38
1513.0,155025.27
1514.0,169035.44
1515.0,191396.38
1516.0,173738.12
1517.0,156806.86
1518.0,144193.42
1519.0,220593.55
1520.0,133053.66
1521.0,135542.44
1522.0,170494.66
1523.0,112545.44
1524.0,120489.11
1525.0,126013.87
1526.0,126171.2
1527.0,110844.1
1528.0,131634.66
1529.0,138892.22
1530.0,174158.11
1531.0,113275.836
1532.0,108687.27
1533.0,143991.45
1534.0,117551.984
1535.0,153821.19
1536.0,114148.7
1537.0,86456.72
1538.0,187546.67
1539.0,217248.53
1540.0,106206.38
1541.0,142264.84
1542.0,131249.67
1543.0,220227.19
1544.0,89540.164
1545.0,104707.1
1546.0,124172.055
1547.0,133760.16
1548.0,126320.25
1549.0,109773.88
1550.0,138515.58
1551.0,126223.016
1552.0,133257.1
1553.0,147190.77
1554.0,112319.15
1555.0,165640.2
1556.0,87824.36
1557.0,116356.73
1558.0,100205.62
1559.0,100326.76
1560.0,141600.16
1561.0,139096.64
1562.0,128260.55
1563.0,123395.266
1564.0,160083.47
1565.0,148229.69
1566.0,204196.44
1567.0,88493.91
1568.0,210572.8
1569.0,136376.55
1570.0,134430.11
1571.0,126615.73
1572.0,142828.67
1573.0,243952.22
1574.0,122455.19
1575.0,215363.7
1576.0,209862.66
1577.0,187628.52
1578.0,151001.31
1579.0,145130.03
1580.0,190624.27
1581.0,141369.25
1582.0,127424.25
1583.0,337018.28
1584.0,225768.61
1585.0,142510.44
1586.0,95618.22
1587.0,101237.54
1588.0,145498.64
1589.0,101110.52
1590.0,134000.12
1591.0,102759.63
1592.0,122673.77
1593.0,133314.89
1594.0,140451.55
1595.0,116343.36
1596.0,231880.23
1597.0,180289.58
1598.0,198365.58
1599.0,205899.4
1600.0,197381.33
1601.0,86696.68
1602.0,107748.01
1603.0,99204.5
1604.0,287494.94
1605.0,246133.8
1606.0,161078.19
1607.0,178623.98
1608.0,209736.34
1609.0,188129.9
1610.0,147051.27
1611.0,146149.45
1612.0,175477.92
1613.0,158210.16
1614.0,129302.945
1615.0,91859.09
1616.0,77697.93
1617.0,100237.07
1618.0,123270.33
1619.0,141607.31
1620.0,159425.5
1621.0,130920.31
1622.0,137879.5
1623.0,294075.0
1624.0,204557.38
1625.0,132304.08
1626.0,167184.9
1627.0,180400.8
1628.0,285617.25
1629.0,177951.75
1630.0,379612.5
1631.0,223205.5
1632.0,243334.44
1633.0,164234.2
1634.0,175220.83
1635.0,184413.95
1636.0,157977.55
1637.0,176430.45
1638.0,216198.31
1639.0,179573.11
1640.0,245439.62
1641.0,175962.84
1642.0,217848.81
1643.0,221967.4
1644.0,223893.19
1645.0,180772.31
1646.0,154595.72
1647.0,170474.56
1648.0,133895.11
1649.0,135877.86
1650.0,121336.51
1651.0,124566.51
1652.0,99644.695
1653.0,99435.17
1654.0,153698.66
1655.0,162311.83
1656.0,152299.9
1657.0,153698.66
1658.0,148307.89
1659.0,148231.92
1660.0,146388.56
1661.0,443776.88
1662.0,426352.1
1663.0,391141.7
1664.0,366300.5
1665.0,309678.03
1666.0,326274.62
1667.0,362948.06
1668.0,323191.22
1669.0,301630.9
1670.0,350188.3
1671.0,241917.08
1672.0,443847.44
1673.0,291339.3
1674.0,240953.55
1675.0,175063.66
1676.0,176103.0
1677.0,203017.36
1678.0,448426.0
1679.0,389256.06
1680.0,319765.94
1681.0,267000.9
1682.0,306853.25
1683.0,179321.05
1684.0,176034.47
1685.0,167989.98
1686.0,173799.14
1687.0,163479.17
1688.0,183038.64
1689.0,187933.44
1690.0,185192.27
1691.0,176594.11
1692.0,279851.03
1693.0,169359.0
1694.0,174105.38
1695.0,166511.6
1696.0,270768.75
1697.0,166636.78
1698.0,376921.03
1699.0,305589.3
1700.0,241658.47
1701.0,262939.88
1702.0,253760.83
1703.0,242601.89
1704.0,290772.28
1705.0,233916.06
1706.0,440745.66
1707.0,210603.69
1708.0,190579.58
1709.0,296319.34
1710.0,222142.16
1711.0,254016.94
1712.0,252123.77
1713.0,250886.98
1714.0,209281.56
1715.0,198411.92
1716.0,169508.33
1717.0,169719.25
1718.0,136734.19
1719.0,198308.45
1720.0,246452.84
1721.0,172147.34
1722.0,136214.55
1723.0,154384.19
1724.0,214269.55
1725.0,234673.6
1726.0,179537.1
1727.0,153613.9
1728.0,189012.22
1729.0,155108.7
1730.0,166812.11
1731.0,121172.016
1732.0,130492.13
1733.0,122852.42
1734.0,131736.34
1735.0,133462.23
1736.0,118198.875
1737.0,342457.53
1738.0,203395.75
1739.0,293037.62
1740.0,199045.5
1741.0,173366.77
1742.0,165195.7
1743.0,170885.89
1744.0,295456.34
1745.0,199871.52
1746.0,235619.58
1747.0,218938.6
1748.0,219526.02
1749.0,150151.25
1750.0,136069.86
1751.0,233981.66
1752.0,124158.805
1753.0,152477.05
1754.0,211176.36
1755.0,163353.86
1756.0,128668.516
1757.0,122496.914
1758.0,144470.67
1759.0,163009.83
1760.0,164570.23
1761.0,147480.42
1762.0,165797.38
1763.0,179265.73
1764.0,118602.7
1765.0,177501.19
1766.0,181563.2
1767.0,217576.67
1768.0,139108.94
1769.0,175624.25
1770.0,142705.11
1771.0,134451.88
1772.0,143230.16
1773.0,131122.62
1774.0,144219.19
1775.0,132231.83
1776.0,124961.85
1777.0,113953.414
1778.0,140854.12
1779.0,111039.48
1780.0,177854.23
1781.0,132675.47
1782.0,104618.016
1783.0,130072.65
1784.0,104363.61
1785.0,127639.21
1786.0,176035.8
1787.0,176074.28
1788.0,78173.94
1789.0,110149.9
1790.0,98052.77
1791.0,173389.81
1792.0,150201.47
1793.0,136877.69
1794.0,143206.28
1795.0,132343.2
1796.0,121770.26
1797.0,123023.68
1798.0,125370.01
1799.0,113440.41
1800.0,123425.52
1801.0,129620.836
1802.0,150683.38
1803.0,154167.2
1804.0,140152.03
1805.0,138450.14
1806.0,111221.85
1807.0,142105.3
1808.0,129150.234
1809.0,122288.57
1810.0,141111.56
1811.0,103953.44
1812.0,103519.625
1813.0,115909.88
1814.0,105669.64
1815.0,67350.13
1816.0,94488.984
1817.0,117600.36
1818.0,154300.28
1819.0,130498.984
1820.0,79285.48
1821.0,111792.875
1822.0,155119.25
1823.0,64276.55
1824.0,135818.06
1825.0,124910.68
1826.0,97117.83
1827.0,108936.98
1828.0,130228.336
1829.0,116139.24
1830.0,140308.7
1831.0,182385.12
1832.0,104073.06
1833.0,139974.47
1834.0,129806.414
1835.0,162289.34
1836.0,123671.26
1837.0,98634.16
1838.0,125244.93
1839.0,94439.805
1840.0,143666.86
1841.0,140259.19
1842.0,79172.82
1843.0,138706.52
1844.0,135822.4
1845.0,143609.6
1846.0,154942.81
1847.0,153499.8
1848.0,69976.5
1849.0,126151.94
1850.0,128361.05
1851.0,152278.31
1852.0,128918.625
1853.0,131868.73
1854.0,171517.2
1855.0,147848.56
1856.0,216032.23
1857.0,170271.06
1858.0,140574.67
1859.0,130841.766
1860.0,143327.7
1861.0,130841.766
1862.0,312043.62
1863.0,311807.56
1864.0,311807.56
1865.0,331430.56
1866.0,333286.34
1867.0,244458.83
1868.0,303807.4
1869.0,192480.08
1870.0,253270.45
1871.0,259001.66
1872.0,171058.52
1873.0,220600.83
1874.0,135681.64
1875.0,200192.78
1876.0,189080.05
1877.0,215168.19
1878.0,203585.62
1879.0,131537.97
1880.0,132586.7
1881.0,238249.19
1882.0,254534.05
1883.0,191748.77
1884.0,205501.88
1885.0,269486.9
1886.0,310329.2
1887.0,207872.72
1888.0,284083.66
1889.0,163498.95
1890.0,128672.266
1891.0,135740.61
1892.0,113485.555
1893.0,129839.734
1894.0,133246.34
1895.0,147175.97
1896.0,124498.78
1897.0,113129.99
1898.0,111905.77
1899.0,150499.53
1900.0,153445.42
1901.0,165537.8
1902.0,142513.11
1903.0,217079.56
1904.0,139283.69
1905.0,188372.81
1906.0,168968.69
1907.0,198125.86
1908.0,117193.68
1909.0,140432.1
1910.0,127442.984
1911.0,200865.97
1912.0,293947.66
1913.0,155888.52
1914.0,84393.53
1915.0,305806.56
1916.0,77621.64
1917.0,267359.38
1918.0,137177.4
1919.0,152593.06
1920.0,154195.53
1921.0,439649.44
1922.0,335088.25
1923.0,199610.45
1924.0,222721.33
1925.0,216099.62
1926.0,391358.97
1927.0,134871.31
1928.0,166151.98
1929.0,124683.94
1930.0,129974.53
1931.0,140570.83
1932.0,131794.75
1933.0,165462.94
1934.0,173647.45
1935.0,168985.66
1936.0,177756.8
1937.0,178870.45
1938.0,175194.34
1939.0,243691.55
1940.0,198488.77
1941.0,170189.84
1942.0,181114.77
1943.0,218310.33
1944.0,340833.4
1945.0,378312.88
1946.0,156695.45
1947.0,306902.44
1948.0,176273.27
1949.0,226185.94
1950.0,176169.95
1951.0,273841.0
1952.0,216059.14
1953.0,168908.08
1954.0,204046.4
1955.0,128205.59
1956.0,290365.28
1957.0,162810.17
1958.0,305425.97
1959.0,137294.84
1960.0,121296.49
1961.0,119658.234
1962.0,101393.61
1963.0,106653.42
1964.0,106438.375
1965.0,146179.56
1966.0,161169.62
1967.0,280480.06
1968.0,411352.25
1969.0,400270.9
1970.0,462466.25
1971.0,430976.84
1972.0,392954.03
1973.0,266349.5
1974.0,317155.38
1975.0,364685.2
1976.0,264767.06
1977.0,352336.88
1978.0,395611.34
1979.0,332285.03
1980.0,189237.72
1981.0,340512.78
1982.0,228590.31
1983.0,214996.05
1984.0,175192.48
1985.0,216417.6
1986.0,217142.02
1987.0,181953.17
1988.0,173675.62
1989.0,189923.38
1990.0,218172.75
1991.0,211943.81
1992.0,206865.73
1993.0,173846.06
1994.0,237904.47
1995.0,181893.81
1996.0,248207.5
1997.0,321236.22
1998.0,342160.1
1999.0,253147.95
2000.0,303069.3
2001.0,246106.52
2002.0,238295.44
2003.0,246193.83
2004.0,261206.75
2005.0,234932.12
2006.0,232454.56
2007.0,238777.5
2008.0,205396.72
2009.0,181738.67
2010.0,196294.98
2011.0,143812.67
2012.0,178285.95
2013.0,180908.75
2014.0,180835.89
2015.0,199779.67
2016.0,184390.34
2017.0,194212.55
2018.0,122317.266
2019.0,132294.06
2020.0,114600.95
2021.0,119709.125
2022.0,176194.34
2023.0,138312.6
2024.0,211138.97
2025.0,370779.66
2026.0,173668.81
2027.0,145270.17
2028.0,155261.08
2029.0,165275.8
2030.0,268419.44
2031.0,260238.05
2032.0,271714.3
2033.0,273680.97
2034.0,162305.45
2035.0,199154.73
2036.0,200386.53
2037.0,208057.33
2038.0,307440.47
2039.0,219171.5
2040.0,349828.25
2041.0,249501.14
2042.0,192257.36
2043.0,164329.9
2044.0,174846.77
2045.0,205633.8
2046.0,145388.84
2047.0,145992.14
2048.0,132185.38
2049.0,141830.86
2050.0,180343.14
2051.0,109389.7
2052.0,132116.52
2053.0,141237.39
2054.0,86765.67
2055.0,164892.0
2056.0,128943.91
2057.0,125510.16
2058.0,210268.19
2059.0,132097.38
2060.0,160982.4
2061.0,181929.89
2062.0,132691.33
2063.0,116157.266
2064.0,135191.38
2065.0,124527.03
2066.0,172477.3
2067.0,117635.06
2068.0,152468.2
2069.0,89580.625
2070.0,106838.016
2071.0,99034.15
2072.0,134467.28
2073.0,141388.27
2074.0,179665.64
2075.0,147418.83
2076.0,126786.8
2077.0,142323.12
2078.0,128898.984
2079.0,134902.6
2080.0,117760.64
2081.0,124320.75
2082.0,132509.53
2083.0,141057.38
2084.0,114707.42
2085.0,124726.05
2086.0,126736.73
2087.0,122654.59
2088.0,105822.43
2089.0,81109.586
2090.0,130233.25
2091.0,124259.62
2092.0,133113.98
2093.0,135863.67
2094.0,141629.86
2095.0,149393.53
2096.0,84742.65
2097.0,99789.6
2098.0,144302.55
2099.0,76466.914
2100.0,103000.836
2101.0,132421.38
2102.0,137145.23
2103.0,105750.44
2104.0,135060.42
2105.0,121914.875
2106.0,78048.19
2107.0,239272.06
2108.0,114789.42
2109.0,116231.12
2110.0,126925.2
2111.0,158519.48
2112.0,132953.47
2113.0,115061.734
2114.0,106734.766
2115.0,147893.47
2116.0,121294.95
2117.0,141276.8
2118.0,118412.22
2119.0,98021.12
2120.0,109323.32
2121.0,108421.94
2122.0,98735.21
2123.0,98592.43
2124.0,188323.03
2125.0,129583.47
2126.0,148328.08
2127.0,150259.11
2128.0,120693.9
2129.0,109740.82
2130.0,133749.42
2131.0,166040.89
2132.0,115971.63
2133.0,123097.8
2134.0,122731.68
2135.0,108621.234
2136.0,73747.65
2137.0,122279.15
2138.0,131674.16
2139.0,154086.75
2140.0,134491.0
2141.0,138227.77
2142.0,129709.93
2143.0,138013.33
2144.0,134176.64
2145.0,136283.7
2146.0,163756.7
2147.0,141181.31
2148.0,131559.36
2149.0,140913.2
2150.0,207757.95
2151.0,134393.27
2152.0,185855.19
2153.0,171167.8
2154.0,114421.74
2155.0,129095.445
2156.0,229075.27
2157.0,228338.67
2158.0,240700.58
2159.0,216948.58
2160.0,170934.88
2161.0,240505.75
2162.0,396410.5
2163.0,346058.1
2164.0,252618.5
2165.0,177949.53
2166.0,140594.23
2167.0,220196.2
2168.0,196033.81
2169.0,195434.45
2170.0,215947.0
2171.0,140882.45
2172.0,136543.9
2173.0,156168.61
2174.0,230180.56
2175.0,321732.12
2176.0,313367.0
2177.0,240678.66
2178.0,216827.39
2179.0,142510.44
2180.0,223746.44
2181.0,192246.17
2182.0,213871.92
2183.0,187342.75
2184.0,130208.77
2185.0,121993.02
2186.0,141772.34
2187.0,148416.28
2188.0,153091.1
2189.0,189028.62
2190.0,88663.086
2191.0,90112.625
2192.0,99997.93
2193.0,116598.92
2194.0,105606.46
2195.0,117416.71
2196.0,113743.555
2197.0,115451.61
2198.0,165166.72
2199.0,167955.44
2200.0,135798.78
2201.0,144344.2
2202.0,210091.9
2203.0,152469.11
2204.0,179802.84
2205.0,107904.46
2206.0,140060.8
2207.0,203413.56
2208.0,247127.66
2209.0,208925.06
2210.0,125373.54
2211.0,123031.26
2212.0,111685.914
2213.0,103581.73
2214.0,127661.06
2215.0,103797.46
2216.0,146261.88
2217.0,103549.41
2218.0,82938.57
2219.0,85548.08
2220.0,87738.64
2221.0,305806.56
2222.0,256609.7
2223.0,270895.7
2224.0,214602.02
2225.0,131539.73
2226.0,180858.72
2227.0,191958.67
2228.0,270664.6
2229.0,239491.39
2230.0,147904.64
2231.0,215002.7
2232.0,178686.27
2233.0,169711.02
2234.0,249360.48
2235.0,218491.95
2236.0,271388.12
2237.0,347639.34
2238.0,212093.86
2239.0,127393.96
2240.0,160988.22
2241.0,152516.3
2242.0,132680.6
2243.0,127993.66
2244.0,107765.08
2245.0,112762.32
2246.0,144408.67
2247.0,113835.76
2248.0,125994.4
2249.0,130224.96
2250.0,135226.06
2251.0,122880.92
2252.0,181162.17
2253.0,151166.83
2254.0,174504.36
2255.0,180866.89
2256.0,190671.3
2257.0,196632.12
2258.0,175250.6
2259.0,169373.61
2260.0,161494.25
2261.0,202456.56
2262.0,227572.6
2263.0,332552.75
2264.0,365476.94
2265.0,180741.22
2266.0,284052.12
2267.0,371672.6
2268.0,377183.03
2269.0,152966.47
2270.0,181516.73
2271.0,225893.81
2272.0,202159.75
2273.0,157759.1
2274.0,165832.75
2275.0,169999.4
2276.0,186734.31
2277.0,178098.36
2278.0,145405.12
2279.0,134177.25
2280.0,122159.54
2281.0,161677.58
2282.0,182153.55
2283.0,105153.0
2284.0,116730.52
2285.0,162678.8
2286.0,122650.8
2287.0,349966.47
2288.0,268844.12
2289.0,374014.0
2290.0,447335.78
2291.0,317034.66
2292.0,412595.9
2293.0,455832.62
2294.0,438839.2
2295.0,423226.2
2296.0,269467.2
2297.0,308250.97
2298.0,325703.7
2299.0,385771.8
2300.0,339401.34
2301.0,270140.78
2302.0,237092.33
2303.0,239550.72
2304.0,250534.5
2305.0,174589.92
2306.0,168395.08
2307.0,172368.22
2308.0,221350.48
2309.0,276806.7
2310.0,220671.36
2311.0,197341.61
2312.0,177850.86
2313.0,178427.45
2314.0,185449.53
2315.0,178247.64
2316.0,186941.33
2317.0,175670.84
2318.0,176114.08
2319.0,180780.23
2320.0,182810.08
2321.0,250949.92
2322.0,177338.58
2323.0,183788.69
2324.0,168357.9
2325.0,202748.47
2326.0,165935.16
2327.0,216096.81
2328.0,226672.64
2329.0,175743.23
2330.0,167133.48
2331.0,350589.25
2332.0,410865.2
2333.0,321944.4
2334.0,246415.84
2335.0,262650.53
2336.0,331415.84
2337.0,190366.47
2338.0,278917.38
2339.0,224408.3
2340.0,393104.2
2341.0,204474.98
2342.0,229563.42
2343.0,209924.61
2344.0,229886.78
2345.0,244289.38
2346.0,225497.3
2347.0,189631.39
2348.0,233770.42
2349.0,167470.48
2350.0,277352.22
2351.0,237999.22
2352.0,247552.86
2353.0,224336.34
2354.0,136088.39
2355.0,160487.3
2356.0,148489.6
2357.0,191099.19
2358.0,189070.64
2359.0,120747.17
2360.0,115566.31
2361.0,136412.81
2362.0,251034.42
2363.0,139917.48
2364.0,161417.75
2365.0,225323.84
2366.0,209462.47
2367.0,226478.92
2368.0,215540.64
2369.0,219724.06
2370.0,164257.33
2371.0,168332.3
2372.0,181002.95
2373.0,273440.78
2374.0,313088.94
2375.0,238059.95
2376.0,282350.25
2377.0,353196.03
2378.0,136433.98
2379.0,186405.84
2380.0,143057.97
2381.0,153050.27
2382.0,188056.95
2383.0,200007.83
2384.0,242167.86
2385.0,154973.05
2386.0,134947.05
2387.0,134649.23
2388.0,113127.3
2389.0,131701.66
2390.0,146015.22
2391.0,133866.44
2392.0,117455.914
2393.0,173270.67
2394.0,147621.86
2395.0,196717.67
2396.0,134422.69
2397.0,208802.1
2398.0,131902.19
2399.0,74321.61
2400.0,71410.75
2401.0,113122.15
2402.0,136375.28
2403.0,141560.66
2404.0,143075.28
2405.0,151608.55
2406.0,140366.73
2407.0,127381.3
2408.0,137405.48
2409.0,128398.28
2410.0,171283.25
2411.0,125290.1
2412.0,154430.78
2413.0,131955.42
2414.0,136942.44
2415.0,141594.81
2416.0,129135.06
2417.0,128118.29
2418.0,126220.375
2419.0,125131.03
2420.0,126769.12
2421.0,145170.53
2422.0,120730.57
2423.0,131947.31
2424.0,151813.0
2425.0,201259.8
2426.0,137376.25
2427.0,136726.5
2428.0,176406.38
2429.0,120881.59
2430.0,132746.55
2431.0,115051.016
2432.0,140424.06
2433.0,142046.89
2434.0,135511.89
2435.0,142402.56
2436.0,108077.87
2437.0,111221.79
2438.0,128484.45
2439.0,110204.484
2440.0,120550.69
2441.0,109816.24
2442.0,107616.91
2443.0,116216.24
2444.0,127154.67
2445.0,78648.16
2446.0,132735.48
2447.0,198875.11
2448.0,134301.44
2449.0,104466.43
2450.0,151026.6
2451.0,121725.9
2452.0,205734.53
2453.0,100566.76
2454.0,129918.9
2455.0,118012.94
2456.0,126532.39
2457.0,118520.11
2458.0,118587.13
2459.0,102728.43
2460.0,129982.64
2461.0,104706.49
2462.0,125387.695
2463.0,118907.17
2464.0,155513.95
2465.0,125919.945
2466.0,111041.43
2467.0,153307.17
2468.0,79496.586
2469.0,83511.88
2470.0,177886.2
2471.0,205172.58
2472.0,159797.05
2473.0,118512.195
2474.0,98408.44
2475.0,217220.48
2476.0,109498.555
2477.0,122729.73
2478.0,160292.78
2479.0,112132.17
2480.0,148241.77
2481.0,120313.69
2482.0,127768.75
2483.0,116660.02
2484.0,118938.16
2485.0,123466.78
2486.0,153005.44
2487.0,193046.12
2488.0,160450.23
2489.0,151699.62
2490.0,153805.83
2491.0,97748.164
2492.0,172693.97
2493.0,149240.22
2494.0,162377.52
2495.0,101697.04
2496.0,227485.72
2497.0,148764.4
2498.0,117664.77
2499.0,105901.35
2500.0,126588.55
2501.0,136894.22
2502.0,147677.64
2503.0,97220.96
2504.0,185456.2
2505.0,224256.36
2506.0,248913.11
2507.0,302208.03
2508.0,248913.11
2509.0,211397.7
2510.0,225195.27
2511.0,177998.67
2512.0,201041.03
2513.0,203733.56
2514.0,241962.53
2515.0,141965.28
2516.0,157640.33
2517.0,133482.52
2518.0,147070.02
2519.0,215251.56
2520.0,197884.27
2521.0,190704.48
2522.0,220924.95
2523.0,130603.55
2524.0,134980.52
2525.0,135832.19
2526.0,130531.37
2527.0,112587.63
2528.0,132603.42
2529.0,134656.83
2530.0,120500.125
2531.0,239715.5
2532.0,222510.28
2533.0,193532.81
2534.0,231633.86
2535.0,322866.72
2536.0,236481.89
2537.0,238504.16
2538.0,181510.9
2539.0,185090.61
2540.0,171071.45
2541.0,181171.66
2542.0,161635.7
2543.0,131965.5
2544.0,127884.85
2545.0,134662.16
2546.0,138471.97
2547.0,138842.69
2548.0,147093.22
2549.0,148710.77
2550.0,298508.06
2551.0,136976.78
2552.0,126036.02
2553.0,80732.45
2554.0,111292.36
2555.0,123937.64
2556.0,113047.016
2557.0,120357.81
2558.0,168982.94
2559.0,139130.78
2560.0,133703.22
2561.0,151524.61
2562.0,128472.93
2563.0,145422.55
2564.0,189646.16
2565.0,147626.33
2566.0,151983.62
2567.0,126113.445
2568.0,184698.27
2569.0,190170.92
2570.0,125373.54
2571.0,186042.11
2572.0,193102.64
2573.0,211551.14
2574.0,272484.25
2575.0,124892.914
2576.0,126588.47
2577.0,155909.02
2578.0,92582.984
2579.0,78048.875
2580.0,144662.52
2581.0,128005.0
2582.0,118984.76
2583.0,276505.06
2584.0,156470.81
2585.0,178252.75
2586.0,211326.7
2587.0,199778.16
2588.0,157498.44
2589.0,145108.17
2590.0,208401.12
2591.0,206238.77
2592.0,208281.69
2593.0,247483.05
2594.0,173722.75
2595.0,219856.03
2596.0,327965.97
2597.0,181607.95
2598.0,259329.72
2599.0,330156.56
2600.0,156479.28
2601.0,145829.55
2602.0,90349.08
2603.0,102170.125
2604.0,92490.98
2605.0,84791.43
2606.0,143718.44
2607.0,179334.98
2608.0,195905.95
2609.0,153591.48
2610.0,117908.766
2611.0,141669.08
2612.0,148219.1
2613.0,128966.18
2614.0,125915.164
2615.0,146199.5
2616.0,143676.42
2617.0,176865.52
2618.0,190917.03
2619.0,199713.84
2620.0,176732.34
2621.0,179559.25
2622.0,176147.88
2623.0,247502.19
2624.0,266258.06
2625.0,321574.25
2626.0,161620.92
2627.0,190017.7
2628.0,440183.12
2629.0,534896.6
2630.0,370823.8
2631.0,456124.8
2632.0,430437.75
2633.0,306171.38
2634.0,393961.62
2635.0,150164.7
2636.0,183761.27
2637.0,187278.1
2638.0,247209.23
2639.0,185705.6
2640.0,148573.31
2641.0,105829.53
2642.0,190476.2
2643.0,106158.266
2644.0,130944.47
2645.0,103846.64
2646.0,98680.34
2647.0,103292.95
2648.0,145466.0
2649.0,139975.48
2650.0,154354.16
2651.0,145972.8
2652.0,417879.06
2653.0,244772.98
2654.0,238748.92
2655.0,381641.2
2656.0,318513.06
2657.0,335925.7
2658.0,282857.72
2659.0,315535.97
2660.0,338780.84
2661.0,355662.44
2662.0,357250.84
2663.0,263147.5
2664.0,267390.1
2665.0,326567.1
2666.0,277162.44
2667.0,174010.06
2668.0,187854.14
2669.0,169675.88
2670.0,296902.03
2671.0,187618.1
2672.0,185704.0
2673.0,210490.03
2674.0,207941.67
2675.0,180360.33
2676.0,184157.47
2677.0,188524.58
2678.0,247947.4
2679.0,279416.03
2680.0,275498.56
2681.0,424680.78
2682.0,349877.38
2683.0,510838.2
2684.0,316667.9
2685.0,352286.88
2686.0,249376.77
2687.0,308036.34
2688.0,225325.14
2689.0,219619.45
2690.0,450269.7
2691.0,175705.7
2692.0,134957.69
2693.0,191066.1
2694.0,144076.45
2695.0,190375.67
2696.0,183319.88
2697.0,179568.55
2698.0,186532.36
2699.0,169273.27
2700.0,152696.28
2701.0,154607.19
2702.0,110135.86
2703.0,143897.64
2704.0,141021.7
2705.0,123047.04
2706.0,121122.35
2707.0,125425.84
2708.0,137108.28
2709.0,114720.28
2710.0,130114.55
2711.0,276465.7
2712.0,386437.2
2713.0,166623.8
2714.0,155406.05
2715.0,166109.34
2716.0,158035.61
2717.0,180433.56
2718.0,219703.28
2719.0,151200.27
2720.0,176504.97
2721.0,137698.22
2722.0,155047.02
2723.0,148434.44
2724.0,133041.16
2725.0,135148.78
2726.0,138887.2
2727.0,174190.6
2728.0,159664.06
2729.0,150152.1
2730.0,139872.03
2731.0,131609.6
2732.0,119065.914
2733.0,159412.22
2734.0,151559.39
2735.0,129652.35
2736.0,136334.77
2737.0,125094.945
2738.0,141594.81
2739.0,159342.23
2740.0,135504.61
2741.0,139602.17
2742.0,144842.53
2743.0,137483.45
2744.0,149569.6
2745.0,142259.48
2746.0,139875.25
2747.0,160260.14
2748.0,124397.14
2749.0,130103.625
2750.0,134810.8
2751.0,133174.61
2752.0,209922.0
2753.0,156510.81
2754.0,224690.39
2755.0,123737.24
2756.0,105845.555
2757.0,79077.57
2758.0,100564.17
2759.0,160950.7
2760.0,132288.38
2761.0,141448.14
2762.0,138231.2
2763.0,189788.05
2764.0,169181.84
2765.0,266863.16
2766.0,131636.39
2767.0,87340.266
2768.0,135715.5
2769.0,129304.43
2770.0,158517.75
2771.0,123239.88
2772.0,122535.24
2773.0,149968.58
2774.0,135669.02
2775.0,121429.84
2776.0,142437.38
2777.0,144981.3
2778.0,130246.49
2779.0,123837.805
2780.0,100973.07
2781.0,100177.1
2782.0,88546.58
2783.0,101132.21
2784.0,121432.01
2785.0,130318.445
2786.0,87818.82
2787.0,114616.25
2788.0,84285.11
2789.0,200885.72
2790.0,91499.56
2791.0,113469.98
2792.0,74870.24
2793.0,159878.56
2794.0,98703.82
2795.0,110480.37
2796.0,102419.43
2797.0,198031.42
2798.0,116135.01
2799.0,111456.29
2800.0,73509.77
2801.0,112254.5
2802.0,142799.03
2803.0,169496.89
2804.0,148252.0
2805.0,102960.57
2806.0,90738.05
2807.0,166687.14
2808.0,148744.53
2809.0,133773.11
2810.0,134187.98
2811.0,153170.86
2812.0,143848.52
2813.0,158325.8
2814.0,161395.92
2815.0,116210.31
2816.0,218131.78
2817.0,144397.77
2818.0,129012.56
2819.0,164751.28
2820.0,133999.55
2821.0,113090.69
2822.0,187241.64
2823.0,263274.12
2824.0,175511.97
2825.0,154790.52
2826.0,134091.97
2827.0,139848.6
2828.0,202929.58
2829.0,184072.53
2830.0,229655.53
2831.0,182637.95
2832.0,238073.81
2833.0,296777.9
2834.0,206408.6
2835.0,204403.55
2836.0,188470.4
2837.0,165137.84
2838.0,145183.98
2839.0,181926.7
2840.0,192692.67
2841.0,200090.2
2842.0,215426.67
2843.0,142261.8
2844.0,144130.8
2845.0,120059.2
2846.0,205844.05
2847.0,185893.56
2848.0,229010.17
2849.0,202765.84
2850.0,283919.6
2851.0,233982.56
2852.0,238573.55
2853.0,229124.0
2854.0,141104.45
2855.0,201372.19
2856.0,198293.33
2857.0,188234.36
2858.0,210471.73
2859.0,139292.44
2860.0,129047.67
2861.0,133879.05
2862.0,190218.03
2863.0,135008.31
2864.0,252748.4
2865.0,140298.08
2866.0,168700.78
2867.0,99017.375
2868.0,110813.81
2869.0,114274.41
2870.0,137980.23
2871.0,97111.234
2872.0,67460.13
2873.0,109716.22
2874.0,134617.05
2875.0,117311.71
2876.0,165506.7
2877.0,135154.48
2878.0,174982.16
2879.0,139300.52
2880.0,101184.914
2881.0,155583.92
2882.0,157364.86
2883.0,184856.62
2884.0,196678.47
2885.0,181404.17
2886.0,199639.73
2887.0,106587.13
2888.0,123868.2
2889.0,67158.31
2890.0,89508.93
2891.0,140429.3
2892.0,78594.49
2893.0,102776.945
2894.0,74031.83
2895.0,314456.56
2896.0,287494.94
2897.0,203504.77
2898.0,155106.72
2899.0,230646.67
2900.0,152493.31
2901.0,209988.7
2902.0,187967.64
2903.0,337995.53
2904.0,361095.88
2905.0,107015.87
2906.0,210828.9
2907.0,105204.69
2908.0,130956.46
2909.0,144787.58
2910.0,94320.38
2911.0,90349.08
2912.0,139830.78
2913.0,93422.29
2914.0,83374.15
2915.0,87046.086
2916.0,90709.02
2917.0,160940.77
2918.0,122925.96
2919.0,236221.34
